question,answer,context,qa_pred,qa_em,qa_f1,sentiment_true,sentiment_pred,topic_true,topic_pred
What is Apples commitment to workplace practices and policies concerning harassment or discrimination?,Apple is committed to providing a workplace free of harassment or discrimination and is an equal opportunity employer.,The Company is an equal opportunity employer committed to inclusion and diversity and to providing a workplace free of harassment or discrimination.,Apple is committed to being an equal‑opportunity employer that promotes inclusion and diversity and ensures a workplace that is free of harassment or discrimination.,0,0.6315789473684211,Positive,Positive,Other,Legal
"What types of products does the Company design, manufacture, and market?","The Company designs, manufactures, and markets smartphones, personal computers, tablets, wearables, and accessories.","The Company designs, manufactures and markets smartphones, personal computers, tablets, wearables and accessories, and sells a variety of related services.","The Company designs, manufactures, and markets smartphones, personal computers, tablets, wearables, and accessories.",1,1.0,Neutral,Neutral,Other,Operations
When was AbbVie Inc. incorporated and when did it become an independent publicly-traded company?,"AbbVie was incorporated on April 10, 2012, and became an independent publicly-traded company on January 1, 2013.","AbbVie was incorporated in Delaware on April 10, 2012. On January 1, 2013, AbbVie became an independent, publicly-traded company as a result of the distribution by Abbott Laboratories of 100 of the outstanding common stock of AbbVie to Abbotts shareholders.","AbbVie Inc. was incorporated in Delaware on **April 10, 2012**, and it became an independent, publicly‑traded company on **January 1, 2013**.",0,0.5555555555555556,Positive,Neutral,Other,Legal
"What unique features does Rinvoq offer for treating inflammatory diseases, and in which regions is it approved?","Rinvoq is an oral, once-daily selective and reversible JAK inhibitor, approved for treating inflammatory diseases such as rheumatoid arthritis and psoriatic arthritis in regions including North America, the European Union, and Japan.","Rinvoq upadacitinib is an oral, once-daily selective and reversible JAK inhibitor that is approved to treat various inflammatory diseases in regions including North America, the European Union, and Japan.","Rinvoq (upadacitinib) is an **oral, once‑daily, selective and reversible JAK inhibitor** for treating various inflammatory diseases. It is approved in **North America, the European Union, and Japan**.",0,0.5925925925925927,Positive,Neutral,Other,Other
What impact did macroeconomic pressures such as inflation have on the business environment according to the company?,The company noted that inflation and other macroeconomic pressures contributed to an increasingly complex business environment affecting operational results.,"More recently, inflation and other macroeconomic pressures in the United States and the global economy, such as rising interest rates, and foreign currency fluctuations, as well as evolving geopolitical conflicts, have contributed to an increasingly complex business environment. As a result, our future operational results may be subject to volatility.","The company says that inflation and other macroeconomic pressures have made the business environment increasingly complex, creating conditions that could cause volatility in its future operational results.",0,0.5909090909090909,Positive,Negative,Other,Risk
What is Airbnbs long-term corporate strategy regarding hosting?,Airbnbs long-term corporate strategy is to make hosting mainstream and focus on attracting more Hosts globally by expanding use cases and supporting all different types of Hosts.,"Were focused on making hosting just as popular as traveling on Airbnb. We will continue to invest in growing the size and quality of our Host community. We plan to attract more Hosts globally by expanding use cases and supporting all different types of Hosts, including those who host occasionally.","Airbnb’s long‑term corporate strategy is to make hosting as commonplace and popular as traveling on its platform. To achieve this, the company will keep investing in expanding and improving the size and quality of its host community, broaden the range of use cases, and support all types of hosts—including occasional hosts—on a global scale.",0,0.37142857142857144,Positive,Positive,Other,Management
"What financial valuation method was primarily used to determine the fair value of customer relationships, customer backlog, and corporate trade names in a specified financial report?","The income approach was primarily used. Specifically, customer relationships used the with and without method, customer backlog used the multi-period excess earnings method, and corporate trade names used the relief from royalty method.","The income approach was used to evaluate certain intangible assets. Customer relationships were valued using the with and without method, customer backlog was valued using the multi-period excess earnings method, and corporate trade names were valued using the relief from royalty method.",The fair value of those intangible assets was determined using the **income approach**.,0,0.10810810810810811,Positive,Neutral,Other,Other
How are diluted earnings per share calculated?,"Diluted earnings per share is computed based on the weighted-average number of shares outstanding plus potentially dilutive shares outstanding during the period, which include shares from stock options, RSUs, common stock to be issued under the ESPP, and warrants.","Diluted earnings per share is computed based on the weighted-average number of shares outstanding plus potentially dilutive shares outstanding during the period. Potentially dilutive shares are determined by applying the treasury stock method to the Companys stock options, RSUs including PRSUs, common stock to be issued under the ESPP and warrants.","Diluted earnings per share are calculated by dividing net income (or loss) attributable to common shareholders by the **weighted‑average number of common shares outstanding plus the potentially dilutive shares** for the period. The potentially dilutive shares are determined using the treasury‑stock method applied to the company’s stock options, RSUs (including PRSUs), shares issuable under the ESPP, and warrants.",0,0.5194805194805195,Positive,Neutral,Other,Management
What were the financial outcomes of the marketable equity securities valuation for a company from 2021 to 2023?,"The marketable equity securities valuation gains losses for the company were 11,526 million in 2021, 13,870 million in 2022, and 984 million in 2023.","Marketable equity securities valuation gains losses were reported as 11,526 million in 2021, decreased to 13,870 million in 2022, and then rose to 984 million in 2023.","- **2021:** Marketable equity securities valuation resulted in a gain/loss of **$11,526 million**.  
- **2022:** The valuation gain/loss changed to **$13,870 million**.  
- **2023:** The valuation gain/loss was **$984 million**.",0,0.3,Positive,Negative,Other,Other
What are the primary competitive factors in Amazons retail businesses?,"The primary competitive factors in Amazons retail businesses are selection, price, and convenience, including fast and reliable fulfillment.","Amazon believes that the principal competitive factors in its retail businesses include selection, price, and convenience, including fast and reliable fulfillment.","The primary competitive factors are **selection, price, and convenience — including fast and reliable fulfillment**.",0,0.6451612903225806,Positive,Positive,Other,Management
How does the company plan to conduct its share repurchases?,"The company may conduct share repurchases through various methods including open market purchases, plans meeting the affirmative defense conditions of Rule 10b5-1c under the Exchange Act, privately negotiated transactions, block trades, accelerated share repurchase programs, or a combination of such methods depending on market conditions and deemed appropriate prices.","We may conduct share repurchases through a variety of methods, including open market purchases, plans intended to satisfy the affirmative defense conditions of Rule 10b5-1c under the Exchange Act, privately negotiated transactions or other purchases, including block trades, accelerated share repurchase programs or any combination of such methods as market conditions warrant and at prices we deem appropriate.","The company intends to repurchase shares using a flexible mix of methods—including open‑market purchases, Rule 10b5‑1c‑compliant plans, privately negotiated transactions, block trades, accelerated share‑repurchase programs, or any combination thereof—chosen based on market conditions and appropriate pricing.",0,0.5384615384615384,Positive,Neutral,Other,Management
What are the four reportable operating segments of the globally integrated payments company described?,"The four reportable operating segments are U.S. Consumer Services USCS, Commercial Services CS, International Card Services ICS, and Global Merchant and Network Services GMNS.","The company is described as a globally integrated payments company with four reportable operating segments U.S. Consumer Services USCS, Commercial Services CS, International Card Services ICS and Global Merchant and Network Services GMNS.","The four reportable operating segments are:

1. U.S. Consumer Services (USCS)  
2. Commercial Services (CS)  
3. International Card Services (ICS)  
4. Global Merchant and Network Services (GMNS)",0,0.6818181818181818,Neutral,Neutral,Other,Operations
What is the trend observed in finance lease liabilities from 2019 to 2023?,"Finance lease liabilities have generally increased from 162,591 in 2019 to 296,599 in 2023.","Finance lease liabilities showed a steady increase over the five-year span from 2019, starting at 162,591 and reaching 296,599 by 2023.","The finance lease liabilities increased steadily, rising from 162,591 in 2019 to 296,599 by 2023.",0,0.7857142857142856,Positive,Negative,Other,Management
Does the company believe its ongoing legal matters will materially impact its financial condition or operations?,"No, the company does not believe that the ongoing legal matters, either individually or in aggregate, will result in liabilities material to its financial condition, results of operations, or cash flows.","We do not currently believe that, either individually or in the aggregate, these matters will result in liabilities material to our financial condition, results of operations or cash flows.","No; the company does not believe its legal matters will be material to its financial condition, results of operations, or cash flows.",0,0.7346938775510204,Negative,Positive,Operations,Legal
"What is the specialty of Sees Candy Shops, and how seasonal is their revenue pattern?","Sees Candy Shops specializes in producing and selling boxed chocolates and confections, emphasizing quality and distinctiveness. Their revenue is highly seasonal with about half of the annual revenue earned in the fourth quarter.","Sees Candy Shops, Incorporated Sees produces boxed chocolates and other confectionery products with an emphasis on quality and distinctiveness in two large kitchens in Los Angeles and South San Francisco and a facility in Burlingame, California. Sees operates approximately 250 retail and volume saving stores located mainly in California and other Western states, as well as over 115 seasonal locations. Sees revenues are highly seasonal with approximately half of its annual revenues earned in the fourth quarter.","Sees Candy Shops specializes in producing boxed chocolates and other confectionery items, emphasizing quality and distinctiveness. Its revenue is highly seasonal, with roughly 50 % of annual sales generated in the fourth quarter.",0,0.7118644067796611,Positive,Neutral,Revenue,Revenue
"What was the amount of premiums written by Berkshire Hathaways Insurance Underwriting in 2023, and how did it compare to the previous year?","In 2023, the premiums written amounted to 18,142 million, which was an increase of 3,523 million or 24.1 from 2022 where the premiums written were 14,619 million.","Premiums written increased 3.5 billion 24.1 in 2023 compared to 2022. The increase was primarily due to RSUI and CapSpecialty 2.1 billion, as well as comparative increases from BHSI and BH Direct, and to a lesser extent the other businesses. Premiums written    18,142       14,619","Berkshire Hathaway’s insurance underwriting wrote **$18,142 million in premiums in 2023**, compared with **$14,619 million in 2022**. This represents an increase of about $3.5 billion (roughly 24 %).",0,0.24489795918367346,Positive,Positive,Other,Revenue
What does the elimination of payables between MET and Financial Products signify in their financial records?,The elimination of payables between MET and Financial Products indicates the clearing of internal transactions to prevent them from inflating the overall financial figures of the company.,Mention of the elimination of payables between MET and Financial Products suggests it is a routine accounting practice to remove intercompany transactions that can distort the financial health of the business.,It indicates a routine accounting adjustment that removes intercompany payables between MET and Financial Products so that those internal transactions do not distort the company’s reported financial health.,0,0.42553191489361697,Negative,Neutral,Other,Operations
What is the primary purpose of using floating-to-fixed interest rate contracts according to the companys hedging strategy?,The primary purpose of using floating-to-fixed interest rate contracts in the companys hedging strategy is to protect against the variability of cash flows due to changes in the benchmark interest rate.,We designate most floating-to-fixed interest rate contracts as cash flow hedges to protect against the variability of cash flows due to changes in the benchmark interest value rate.,The primary purpose is to protect against the variability of cash flows that can arise from changes in the benchmark interest rate.,0,0.7272727272727272,Positive,Neutral,Other,Risk
What type of products does Huatai PC offer in China?,"Huatai PC offers a range of commercial and personal PC products in China, including automobile, homeowners, property, professional liability, product liability, employer liability, business interruption, marine cargo, personal accident, and specialty risk.","Huatai PC provides a range of commercial and personal PC products in China, including automobile, homeowners, property, professional liability, product liability, employer liability, business interruption, marine cargo, personal accident, and specialty risk. These products are marketed through various distribution channels including nearly 200 licensed sales locations in 28 Chinese provinces.","Huatai PC offers a broad suite of commercial and personal property‑and‑casualty (PC) products in China, including automobile, homeowners, property, professional liability, product liability, employer liability, business interruption, marine cargo, personal accident, and specialty risk coverage.",0,0.8620689655172414,Negative,Neutral,Other,Revenue
"What was the fair value and amortized cost, net of valuation allowance, for the Republic of Koreas government securities as of December 31, 2023?","The fair value was 1,784 million and the amortized cost, net of valuation allowance, was 1,723 million.","As of December 31, 2023, the fair value and amortized cost, net of valuation allowance, for the Republic of Koreas government securities were 1,784 million and 1,723 million respectively.","- Fair value: **$1,784 million**  
- Amortized cost, net of valuation allowance: **$1,723 million**",0,0.4444444444444445,Positive,Neutral,Other,Risk
What entities are included among the Guarantors that guarantee each others debt securities as described in Comcasts 2023 Annual Report?,"Comcast, NBCUniversal, and Comcast Cable are the entities included among the Guarantors that guarantee each others debt securities.","Comcast, NBCUniversal and Comcast Cable the Guarantors fully and unconditionally, jointly and severally, guarantee each others debt securities.","The Guarantors are **Comcast, NBCUniversal, and Comcast Cable**.",0,0.48,Positive,Neutral,Other,Legal
How did Comcast organize its business segments in 2023?,"In 2023, Comcast organized its business into two primary categories Connectivity  Platforms, and Content  Experiences. Connectivity  Platforms was further divided into Residential Connectivity  Platforms and Business Services Connectivity, whereas Content  Experiences was segmented into Media, Studios, and Theme Parks.","In 2023, Comcast restructured the presentation of its operating results around two primary business segments Connectivity  Platforms and Content  Experiences. Connectivity  Platforms comprises two sub-segments, Residential Connectivity  Platforms and Business Services Connectivity, and Content  Experiences includes Media, Studios, and Theme Parks.","Comcast organized its 2023 operating results into two primary business segments:

1. **Connectivity Platforms** – comprising the sub‑segments **Residential Connectivity Platforms** and **Business Services Connectivity**.  
2. **Content Experiences** – encompassing **Media**, **Studios**, and **Theme Parks**.",0,0.3278688524590164,Neutral,Neutral,Other,Operations
"What are the unrealized gains or losses on unsettled forward foreign-exchange contracts reported as in 2023, 2022, and 2021?","The unrealized gains or losses on unsettled forward foreign-exchange contracts were immaterial in 2023, 2022, and 2021.","The unrealized gains or losses recognized in interest income and other, net in the accompanying consolidated statements of income relating to the net changes in the fair value of unsettled forward foreign-exchange contracts were immaterial in 2023, 2022, and 2021.","The unrealized gains or losses on unsettled forward foreign‑exchange contracts were reported as **immaterial** in 2023, 2022, and 2021.",0,0.8333333333333333,Positive,Neutral,Other,Risk
What is the primary business model of Costco Wholesale Corporation?,The primary business model of Costco Wholesale Corporation is the operation of membership warehouses.,"We are principally engaged in the operation of membership warehouses in the United States U.S. and Puerto Rico, Canada, Mexico, Japan, the United Kingdom U.K., Korea, Australia, Taiwan, China, Spain, France, Iceland, New Zealand, and Sweden.",Costco’s primary business model is operating membership‑based warehouse clubs.,0,0.380952380952381,Positive,Neutral,Other,Revenue
How did the stock-based compensation expense for research and development change from fiscal year 2021 to 2023?,"It increased from 703 million in 2021 to 1,136 million in 2023.","The stock-based compensation expense for research and development was 703 million in 2021 and increased to 1,136 million by 2023.","The stock‑based compensation expense for research and development rose from **$703 million in fiscal 2021 to $1,136 million in fiscal 2023**, an increase of **$433 million**.",0,0.30303030303030304,Positive,Negative,Other,Operations
"What is the V2MOM, and how is it used within the company?","The V2MOM is an internal management tool used by the company to align on vision, values, methods, obstacles, and measures for the upcoming year. The company completes a corporate V2MOM annually, and all employees are expected to align their own V2MOMs with the corporate version.","Each year, the company completes a corporate V2MOM, which is an internal management tool used to align the Company on our vision, values, methods, obstacles and measures for the upcoming year. All employees are then expected to complete their own V2MOM that aligns with the corporate V2MOM.","The V2MOM is an internal management framework that defines a company’s **Vision, Values, Methods, Obstacles, and Measures** for the upcoming year. Each year the company creates a corporate V2MOM to align the entire organization around these elements, and every employee is required to develop an individual V2MOM that is consistent with the corporate version.",0,0.5333333333333333,Positive,Neutral,Other,Management
What is the relationship between a Medicare Advantage plans reimbursement and its star ratings according to CMS?,"A portion of each Medicare Advantage plans reimbursement is tied to the plans star ratings, with plans requiring a rating of 4 or higher to qualify for bonus payments.","The Patient Protection and Affordable Care Card and the Health Care and Education Reconciliation Act of 2010 connect a portion of Medicare Advantage plan reimbursements to the plans star ratings, requiring a rating of at least 4 stars for bonus eligibility.",A portion of a Medicare Advantage plan’s reimbursement is tied to its CMS star rating—plans must achieve at least a 4‑star rating to be eligible for the bonus reimbursement.,0,0.5599999999999999,Positive,Neutral,Other,Legal
How were the various portions of the 1.5 billion ASR with Barclays Bank PLC accounted for in 2022?,It was accounted for as an initial treasury stock transaction for 1.2 billion and a forward contract for 0.3 billion.,The ASR with Barclays Bank PLC was accounted for as an initial treasury stock transaction for 1.2 billion and a forward contract for 0.3 billion.,"The $1.5 billion ASR with Barclays Bank PLC was accounted for in 2022 as two components:

- **$1.2 billion** – recorded as an **initial treasury‑stock transaction**.  
- **$0.3 billion** – recorded as a **forward contract**.",0,0.2978723404255319,Positive,Neutral,Other,Other
How can members of a loyalty program earn and redeem miles?,"Members can earn miles through services offered by various partner airlines and companies, and redeem them for flights, upgrades, charitable donations, and other benefits.","Miles in loyalty programs can be earned through various partner airlines and services from companies like credit card companies, retail stores, ridesharing, car rentals, and hotels. Miles sold to non-airline businesses and other airlines help facilitate transactions with these partners. Members can redeem miles for benefits such as flights and upgrades with Delta and other associated airlines, charitable donations, and more.","Members can earn miles by transacting with Delta’s partner network—including other airlines, credit‑card issuers, retail stores, ridesharing services, car‑rental companies, and hotels. They can redeem those miles for a variety of benefits such as Delta (and partner airline) flights, seat upgrades, charitable donations, and other rewards.",0,0.47619047619047616,Positive,Neutral,Other,Revenue
What does Delta Air Lines commercial arrangement with China Eastern entail?,"Delta Air Lines commercial arrangement with China Eastern involves reciprocal codesharing, loyalty program participation, mutual lounge access, and joint sales cooperation, covering traffic flows between China and the U.S.","Delta Air Lines commercial strategy includes joint marketing and cooperation arrangements with China Eastern covering routes between China and the U.S., which involve mutual lounge access, reciprocal codesharing, and joint sales operations.","Delta Air Lines’ commercial arrangement with China Eastern includes joint marketing and cooperation on China‑U.S. routes, mutual lounge access for passengers, reciprocal codesharing of flights, and joint sales operations.",0,0.48148148148148145,Neutral,Positive,Other,Operations
"How many new stores did the Dollar Tree segment open in the fiscal year ending January 28, 2023?","The Dollar Tree segment opened 131 new stores in the fiscal year ending January 28, 2023.",New stores  131   333   464   311   225  536,Cannot be determined from the context.,0,0.09523809523809522,Neutral,Neutral,Other,Operations
What merchandise categories contribute to the companys net sales?,"The companys net sales are contributed by categories such as décor, giftware, domestics, apparel and accessories, seasonal and electronics merchandise, which includes specific items like comforters, sheets, towels, clothing, fashion accessories, shoes, and personal electronics among others.","The companys net sales contributions come from various merchandise categories including décor, giftware, and domestics like comforters, sheets, and towels apparel and accessories such as clothing, fashion accessories, and shoes as well as seasonal and electronics merchandise, which includes items related to holidays like Christmas and Halloween, and personal electronics.","The company’s net sales are derived from the following merchandise categories:

- Décor  
- Giftware  
- Domestics (e.g., comforters, sheets, towels)  
- Apparel and accessories (e.g., clothing, fashion accessories, shoes)  
- Seasonal and electronics merchandise (e.g., holiday items such as Christmas and Halloween products)  
- Personal electronics",0,0.5,Positive,Neutral,Revenue,Revenue
What unique aspect does DaVitas Board leadership hold among SP 500 companies?,DaVita is one of the minority of companies in the SP 500 to have a woman serving as the Chair of the Board.,"With respect to Board leadership positions, we are one of the minority of companies in the SP 500 to have a woman serving as the Chair of the Board.",DaVita’s board is one of the few S&P 500 companies that has a woman serving as Chair of the Board.,0,0.6666666666666666,Positive,Positive,Management,Management
What is the focus of DaVita Venture Group?,"DaVita Venture Group focuses on innovative products, solutions, and businesses that improve care for patients with kidney disease and related conditions, including digital health, pharmaceuticals, medical devices, and care delivery models.","DaVita Venture Group DVG focuses on innovative products, solutions and businesses that improve care for patients with kidney disease and related conditions. DVGs focus includes innovation in digital health, pharmaceuticals, medical devices, and care delivery models.","DaVita Venture Group focuses on innovative products, solutions and businesses that improve care for patients with kidney disease and related conditions, including innovation in digital health, pharmaceuticals, medical devices, and care‑delivery models.",0,0.896551724137931,Positive,Positive,Other,Management
What is the primary reason eBay Inc. is referred to as a global commerce leader?,eBay Inc. is considered a global commerce leader because it connects people and builds communities to create economic opportunities for all.,eBay Inc. is a global commerce leader that connects people and builds communities to create economic opportunity for all.,Because it connects people and builds communities to create economic opportunity for all.,0,0.7058823529411765,Positive,Positive,Other,Other
"What types of categories did eBay focus on in 2023, and how did they contribute to the companys gross merchandise volume?","eBay focused on categories such as parts  accessories, collectibles, fashion, electronics, and home  garden, deriving a majority of its gross merchandise volume from these in 2023.","We derived a majority of GMV in 2023 from the following product categories parts  accessories, collectibles, fashion, electronics, and home  garden.","eBay’s 2023 gross merchandise volume was driven primarily by five product categories: parts & accessories, collectibles, fashion, electronics, and home & garden. Together, these categories accounted for the majority of the company’s GMV in 2023.",0,0.5423728813559322,Neutral,Neutral,Other,Revenue
What kind of services does Equifax provide?,"Equifax provides information solutions for businesses, governments and consumers, and human resources business process automation and outsourcing services for employers.","Equifax Inc. is a global data, analytics and technology company. We provide information solutions for businesses, governments and consumers, and we provide human resources business process automation and outsourcing services for employers.","Equifax provides information‑solution services—including data, analytics, and technology—for businesses, governments and consumers, as well as human‑resources business‑process automation and outsourcing services for employers.",0,0.5945945945945946,Positive,Neutral,Other,Other
What is the primary business of Equifax Inc.?,"Equifax Inc. is a global data, analytics, and technology company that provides information solutions for businesses, governments, and consumers.","Equifax Inc. is a global data, analytics and technology company. We provide information solutions for businesses, governments and consumers.","Equifax Inc. is a global data, analytics, and technology company that provides information solutions to businesses, governments, and consumers.",0,0.9444444444444444,Positive,Neutral,Other,Operations
"What is the focus of the selling, administrative, and other expenses category at Ford Motor Company?","This category includes labor and other costs not directly related to development and production, such as advertising and sales promotion costs.","Selling, administrative, and other expenses include labor and other costs not directly related to development and production of vehicles, such as advertising and sales promotion costs.","The category focuses on labor and other costs that are not directly tied to vehicle development and production, such as advertising and sales‑promotion expenses.",0,0.6341463414634148,Neutral,Neutral,Other,Operations
What are the factors that significantly affect the sales and earnings of a vehicle manufacturer?,"The factors that significantly affect the sales and earnings of a vehicle manufacturer include the ability to satisfy changing consumer and business preferences regarding the type or size of vehicle, design and performance characteristics, and the services offered by the vehicles.","Our ability to satisfy changing consumer and business preferences with respect to type or size of vehicle, as well as design and performance characteristics and the services our vehicles offer, affects our sales and earnings significantly.","The sales and earnings are significantly affected by the manufacturer’s ability to meet changing consumer and business preferences regarding:

- The type or size of vehicle  
- Design and performance characteristics  
- The services the vehicles provide.",0,0.6557377049180328,Positive,Neutral,Revenue,Revenue
What specific changes has FedEx Ground made for vehicle and driver safety?,"FedEx Ground introduced new vehicle safety technologies, set new eligibility standards for drivers, made operational enhancements for handling large and heavy items, and added equipment and made adjustments to facilitate safer operations.","Fedflowing expanded or relocated its hub and linehaul network, FedEx Ground also introduced new safety technologies, set new driver standards, and made operational enhancements for safer handling of heavy items.","FedEx Ground has introduced new safety technologies, established new driver standards, and implemented operational enhancements to improve the safer handling of heavy items.",0,0.5306122448979591,Positive,Positive,Other,Operations
What is the primary function of FedEx Express?,"FedEx Express is the worlds largest express transportation company, offering time-definite delivery across more than 220 countries and territories.","FedEx Express is the worlds largest express transportation company, offering time-definite delivery to more than 220 countries and territories, connecting markets that comprise more than 99 of the worlds gross domestic product.",FedEx Express’s primary function is to provide express transportation services—offering time‑definite delivery of shipments to customers worldwide.,0,0.29411764705882354,Negative,Positive,Other,Operations
What challenges does Gilead face in forecasting product sales?,Gilead faces challenges in accurately forecasting sales due to difficulties in predicting demand for their products and fluctuations in purchasing patterns or wholesaler inventories.,"For more information, see Item 1A. Risk Factors We face challenges in accurately forecasting sales because of the difficulties in predicting demand for our products and fluctuations in purchasing patterns or wholesaler inventories.",Gilead’s forecasting is hampered by difficulty predicting product demand and by fluctuations in purchasing patterns and wholesaler inventories.,0,0.5263157894736842,Negative,Negative,Revenue,Revenue
"What is the main goal of Gilead Sciences, Inc.?","The main goal of Gilead Sciences, Inc. is to create a healthier world for all people by advancing innovative medicines to prevent and treat life-threatening diseases.","Gilead Sciences, Inc. is a biopharmaceutical company that has pursued and achieved breakthroughs in medicine for more than three decades, with the goal of creating a healthier world for all people. It is committed to advancing innovative medicines to prevent and treat life-threatening diseases.","The main goal of Gilead Sciences, Inc. is to create a healthier world for all people.",0,0.7317073170731707,Positive,Positive,Other,Management
What are the three objectives of the capital allocation program referenced?,"The three objectives of the capital allocation program are to grow the business at an average target ROIC-adjusted rate of 20 or greater, maintain a strong investment-grade balance sheet with a target average automotive cash balance of 18.0 billion, and return available cash to shareholders after the first two objectives are met.","The capital allocation program focuses on three objectives 1 grow our business at an average target ROIC-adjusted rate of 20 or greater 2 maintain a strong investment-grade balance sheet, including a target average automotive cash balance of 18.0 billion and 3 after the first two objectives are met, return available cash to shareholders.","The three objectives are:

1. Grow the business at an average target ROIC‑adjusted rate of 20 % or greater.  
2. Maintain a strong investment‑grade balance sheet, including a target average automotive cash balance of $18.0 billion.  
3. Once the first two objectives are achieved, return available cash to shareholders.",0,0.6329113924050633,Positive,Positive,Other,Management
What are GMs strategies for environmental and emission regulations compliance?,"GM complies with stringent emission standards by obtaining necessary certifications, adapting to new regulations like the Tier 4 Multipollant Rule, and exploring zero emission vehicles to meet increasing requirements.","For each model year, GM must obtain certification that its vehicles and engines meet emission requirements of the EPA and CARB before selling vehicles in the U.S., Canada, and states adopting California emission standards. The Tier 4 Multipollutant Rule beginning with the 2027 model year calls for increasing volumes of zero emission vehicles.","GM’s compliance strategy, as described in the filing, involves two key actions:

1. **Model‑year certification** – For every model year, GM obtains EPA and CARB certification that its vehicles and engines meet all applicable emission standards before they are sold in the United States, Canada, and any state that follows California’s standards.  

2. **Scaling zero‑emission vehicle (ZEV) production** – In response to the Tier 4 Multipollutant Rule effective beginning with the 2027 model year, GM is increasing the volume of zero‑emission vehicles it produces to meet the mandated higher ZEV requirements.",0,0.26,Neutral,Neutral,Legal,Legal
Why might actual results differ from GameStops forward-looking statements?,"Actual results may vary from GameStops forward-looking statements due to certain factors that could cause discrepancies, as explained in the disclosures under specific sections of the Form 10-K like Risk Factors.","Certain factors, which may cause actual results to vary materially from these forward-looking statements, accompany such statements or appear elsewhere in this Form 10-K, including disclosures under part Risk Factors.",Actual results may differ from GameStop’s forward‑looking statements because of various factors and risk factors disclosed elsewhere in the Form 10‑K that could cause material variations in outcomes.,0,0.5,Neutral,Negative,Other,Legal
What buying practice does GameStop generally follow and how common is this practice in the industry?,"GameStop generally conducts business on an order-by-order basis, a practice that is typical throughout the industry.","We generally conduct business on an order-by-order basis, a practice that is typical throughout the industry.","GameStop generally conducts business on an **order‑by‑order basis**, and this buying practice is **typical throughout the industry**.",0,0.6060606060606061,Neutral,Neutral,Other,Operations
What principle did Googles founders emphasize about the company in their original letter?,Googles founders emphasized that Google is not a conventional company and does not intend to become one.,"As our founders Larry and Sergey wrote in the original founders letter, Google is not a conventional company. We do not intend to become one.",The founders emphasized that Google is **not a conventional company and they have no intention of becoming one**.,0,0.5294117647058824,Positive,Neutral,Other,Management
What role does Google envision for AI in society?,"Google believes AI can solve some of the hardest societal, scientific, and engineering challenges of our time.","We believe AI can solve some of the hardest societal, scientific and engineering challenges of our time.","Google envisions AI as a tool that can tackle some of the hardest societal, scientific, and engineering challenges of our time.",0,0.7777777777777777,Positive,Positive,Other,Other
What method is used for determining credit loss on securities at the company?,"Credit loss on securities is determined by comparing the present value of expected future cash flows of the security to its amortized cost basis, limited to the amount by which the fair value is less than the amortized cost basis.","Credit loss is determined by comparing the present value of the expected future cash flows for the security to the amortized cost basis of the security, limited by the amount the fair value is less than the amortized cost basis.","The company determines credit loss by comparing the present value of the security’s expected future cash flows to its amortized‑cost basis, with the loss limited to the amount that the fair value is below the amortized‑cost basis.",0,0.7142857142857143,Positive,Neutral,Other,Risk
"What method does the Company use to calculate the relative standalone selling price SSP of certain map updates, map care, and traffic services?","The Company uses the expected cost plus a margin method as the primary indicator to calculate the relative standalone selling price SSP of certain map updates, map care, and traffic services.","Since observable prices do not exist for certain map updates, map care, or server-based traffic, due to limited stand-alone and unbundled unit sales, the Company uses the expected cost plus a margin as the primary indicator to calculate relative SSP of these services.","The Company calculates the relative standalone selling price (SSP) for those map updates, map‑care, and traffic services by using the **expected cost of the service plus a margin** as the primary indicator.",0,0.5818181818181818,Positive,Neutral,Other,Revenue
How are the companys litigation expenses expected to change given current judicial proceedings?,The companys litigation expenses are expected to remain high due to the range of litigation and investigations currently underway.,"The company is engaged in a variety of legal proceedings, and given the extensive range of litigation and ongoing investigations, it is expected that litigation expenses will continue to be high.",The company’s litigation expenses are expected to remain high given the extensive and ongoing legal proceedings.,0,0.5806451612903225,Positive,Negative,Legal,Legal
What are the three business segments of Goldman Sachs as mentioned in their 2023 Form 10-K?,"The three business segments of Goldman Sachs are Global Banking  Markets, Asset  Wealth Management, and Platform Solutions.","Goldman Sachs manages its activities in three business segments Global Banking  Markets, Asset  Wealth Management, and Platform Solutions.","Goldman Sachs’ three business segments are:

1. Global Banking & Markets  
2. Asset & Wealth Management  
3. Platform Solutions",0,0.5142857142857143,Positive,Neutral,Other,Operations
What strategic framework is Hasbro integrating into its overall enterprise risk management process?,Hasbro is integrating the Task Force on Climate-related Financial Disclosures TCFD framework into its overall enterprise risk management process.,We continue to work to integrate the Task Force on Climate-related Financial Disclosures TCFD framework into our overall enterprise risk management ERM process.,Hasbro is integrating the Task Force on Climate‑related Financial Disclosures (TCFD) framework into its overall enterprise risk management process.,0,0.8947368421052632,Negative,Neutral,Risk,Risk
What is Hasbros mission as described in its business overview?,Hasbros mission is to entertain and connect generations of fans through the wonder of storytelling and exhilaration of play.,Hasbro is a toy and game company whose mission is to entertain and connect generations of fans through the wonder of storytelling and exhilaration of play.,Hasbro’s mission is to “entertain and connect generations of fans through the wonder of storytelling and the exhilaration of play.”,0,0.8125,Positive,Positive,Other,Management
"What were the total short-term and long-term debt levels for the company as of October 31, 2023?","The total short-term debt was 4,868 million and long-term debt was 7,487 million.","As of October 31, 2023, the company reported short-term debt of 4,868 million and long-term debt of 7,487 million.","- Short‑term debt: **$4,868 million**  
- Long‑term debt: **$7,487 million**",0,0.0,Negative,Neutral,Other,Risk
"What does FCF stand for, and how is it calculated?","FCF stands for Free Cash Flow. It is calculated as cash flow from operations, excluding the impact of proceeds received from a one-time Itanium litigation judgment, less net capital expenditures, and adjusted for exchange rate fluctuations on cash, cash equivalents, and restricted cash.","FCF is a non-GAAP measure that is defined as cash flow from operations, excluding the impact of proceeds received in the fourth quarter of fiscal 2021 from a one-time Itanium litigation judgment, less net capital expenditures investments in PPE less proceeds from the sale of PPE, and adjusted for the effect of exchange rate fluctuations on cash, cash equivalents, and restricted cash.","**FCF** stands for **Free Cash Flow**.

**Calculation (as defined in the filing):**  

1. Start with **cash flow from operations**.  
2. **Exclude** the impact of the one‑time Itanium litigation judgment proceeds received in Q4 FY 2021.  
3. Subtract **net capital expenditures** – i.e., capital expenditures on property, plant and equipment (PPE) **minus** any proceeds from the sale of PPE.  
4. Adjust the result for the **effect of exchange‑rate fluctuations** on cash, cash equivalents, and restricted cash.  

So, FCF = (Cash flow from operations – litigation proceeds) – (CapEx – PPE sale proceeds) ± exchange‑rate adjustment.",0,0.37037037037037035,Negative,Neutral,Other,Other
What does the Personal Systems segment at HP include?,"The Personal Systems segment includes commercial and consumer desktops and notebooks, workstations, thin clients, commercial mobility devices, retail point-of-sale systems, displays, hybrid systems, and related software and services.","Personal Systems offers commercial and consumer desktops and notebooks, workstations, thin clients, commercial mobility devices, retail point-of-sale systems, displays, hybrid systems, and related software and services.","The Personal Systems segment includes commercial and consumer desktops and notebooks, workstations, thin clients, commercial mobility devices, retail point‑of‑sale systems, displays, hybrid systems, and related software and services.",0,0.9565217391304348,Neutral,Neutral,Other,Operations
In which areas does HPs Office Printing Solutions operate?,"HPs Office Printing Solutions delivers printers, supplies, services, and solutions to SMBs, public sector and large enterprises.","Office Printing Solutions delivers HPs office printers, supplies, services, and solutions to SMBs, public sector and large enterprises.","HP’s Office Printing Solutions operates in three market segments: small‑ and medium‑size businesses (SMBs), the public sector, and large enterprises.",0,0.4117647058823529,Positive,Neutral,Other,Operations
What achievements in diversity and inclusion has The Hershey Company accomplished?,"The Hershey Company has achieved 11 pay equity for people of color and gender, and ranked high on lists by DiversityInc and Forbes for its diversity and inclusion efforts.","In recent years, The Hershey Company achieved 11 pay equity, was highly ranked on DiversityIncs and Forbes diversity lists, and supports numerous employee-led groups promoting diversity.","The Hershey Company has:

- Achieved 11 % pay equity  
- Been highly ranked on the DiversityIncs and Forbes diversity lists  
- Supported numerous employee‑led groups that promote diversity.",0,0.5098039215686274,Positive,Positive,Other,Management
What standards were followed in the audit of The Hershey Companys internal control over financial reporting?,The audit of The Hershey Companys internal control over financial reporting was conducted in accordance with the standards of the Public Company Accounting Oversight Board PCAOB.,We conducted our audit in accordance with the standards of the PCAOB.,The audit was performed in accordance with the standards of the Public Company Accounting Oversight Board (PCAOB).,0,0.7027027027027029,Neutral,Neutral,Other,Risk
How does the CMS risk-adjustment model affect the premium payments to Medicare Advantage plans and on what bases are these adjustments made?,"The CMS risk-adjustment model adjusts premium payments to Medicare Advantage plans based on the health status of covered members, using collected diagnosis data from providers to calculate health status-related premium payments. These payments are further adjusted to account for differences in coding patterns between the health plans and the government fee-for-service program.","Under the risk-adjusted model, rates paid to MA plans are adjusted according to the health status of enrolled members, which is determined using diagnosis data collected from providers. The CMS further adjusts for coding pattern differences between the health plans and the government fee-for-service program.","The CMS risk‑adjustment model changes the rates paid to Medicare Advantage (MA) plans by modifying them to reflect the health status of each plan’s enrolled members. These adjustments are based on:

1. **Diagnosed health conditions** – the health status is determined from diagnosis data submitted by providers, and rates are increased for sicker populations and decreased for healthier ones.  
2. **Coding‑pattern differences** – CMS further tweaks the payments to account for any systematic differences in how the MA plan and the traditional fee‑for‑service program code diagnoses.  

Thus, premium payments to MA plans are adjusted upward or downward according to members’ health risk as measured by provider diagnoses, with an additional correction for variations in coding practices.",0,0.40625,Positive,Neutral,Risk,Risk
How is noncontrolling interest accounted for in a companys financial statements?,Noncontrolling interest is recorded in the earnings and equity of entities less than 100 owned but controlled by the company. Adjustments are made to noncontrolling interests for the allocable portion of income or loss based on the noncontrolling interest holders share of subsidiaries. Noncontrolling interests are reported under the heading Net income attributable to noncontrolling interests in the consolidated statements of income and presented as a component of equity in the consolidated balance sheets.,The company records noncontrolling interests in the earnings and equity of less than 100 owned affiliates that it controls. Noncontrolling interests are reported below net income under the heading Net income attributable to noncontrolling interests in the consolidated statements of income and presented as a component of equity in the consolidated balance sheets.,Noncontrolling interest is recorded in both earnings and equity. In the consolidated statement of income it is shown **below net income** under the line **“Net income attributable to noncontrolling interests.”** On the consolidated balance sheet it is presented **as a separate component of equity.**,0,0.48780487804878053,Positive,Neutral,Other,Other
What risks are associated with operating clearing houses and how can they impact the business?,"Operating clearing houses carries risks such as defaults by clearing members, market liquidity risks, and risks related to the custody and investment of margin and guaranty fund assets. Defaults or a decrease in the market value of securities held as contributions could lead to substantial losses and weaken confidence in the clearing houses, impacting the business substantially.","There are risks inherent in operating clearing houses, including exposure to the market and counterparty risk of clearing members, market liquidity risks, defaults by clearing members and risks associated with custody and investing margin or guaranty fund assets provided by clearing members to our clearing houses, which could subject our business to substantial losses.","Operating clearing houses exposes the business to several key risks:

- **Market and counter‑party risk of clearing members** – adverse movements in market prices or the inability of members to meet their obligations can affect the clearing house.
- **Market‑liquidity risk** – insufficient liquidity in the markets can hinder the clearing house’s ability to settle trades efficiently.
- **Defaults by clearing members** – a member’s failure to fulfill its obligations can create losses for the clearing house.
- **Custody and investment risk of margin or guaranty‑fund assets** – the assets that clearing members post as collateral may be mis‑managed, lost, or devalued.

These risks can lead to **substantial losses** for the business that operates the clearing houses.",0,0.34188034188034183,Negative,Negative,Risk,Risk
"When was Intercontinental Exchange, Inc. founded, and what was its initial focus?","Intercontinental Exchange, Inc. was founded in 2000 with the initial focus on transforming energy markets by creating a network that improved transparency, efficiency, and access.","Our History In 2000, ICE was founded with the idea of transforming energy markets by creating a network that removed barriers and provided greater transparency, efficiency and access.","Intercontinental Exchange, Inc. was founded in **2000**, and its initial focus was **transforming energy markets by creating a network that removed barriers and provided greater transparency, efficiency, and access**.",0,0.7058823529411765,Positive,Positive,Other,Other
What strategic areas is Intuit focusing on to enhance its AI-driven platform?,"Intuit is focusing on connecting customers to experts, unlocking smart money decisions, and being the center of small business growth, among other areas.","Intuits strategic priorities for its AI-driven platform include enhancing the connection between customers and experts, helping customers make smart money decisions, and supporting the growth of small businesses.","Intuit is focusing on three strategic areas for its AI‑driven platform:

1. Strengthening the connection between customers and experts.  
2. Helping customers make smart money decisions.  
3. Supporting the growth of small businesses.",0,0.40740740740740744,Positive,Positive,Other,Management
What caused the operating income of Intuits Consumer segment to increase by 224 million or 9 in fiscal 2023 compared to fiscal 2022?,The increase in operating income for Intuits Consumer segment in fiscal 2023 was primarily due to an increase in revenue and lower marketing expenses.,"Consumer segment operating income increased 224 million, or 9, in fiscal 2023 compared with fiscal 2022, primarily due to the increase in revenue described above and lower marketing expenses.",The increase was primarily driven by higher revenue (as described earlier) combined with lower marketing expenses.,0,0.4324324324324324,Positive,Positive,Revenue,Operations
What does the company expect regarding the reclassification of amounts related to forward foreign exchange contracts over the next 12 months?,The company expects that substantially all of the amounts related to forward foreign exchange contracts will be reclassified into earnings over the next 12 months.,The company expects that substantially all of the amounts related to forward foreign exchange contracts will be reclassified into earnings over the next 12 months as a result of transactions that are expected to occur over that period.,The company expects that **virtually all** of the amounts tied to its forward foreign‑exchange contracts will be reclassified into earnings **within the next 12 months**.,0,0.6956521739130435,Neutral,Neutral,Other,Risk
What are the main therapeutic areas focused on by the Innovative Medicine segment of Johnson  Johnson?,"Immunology, Infectious Diseases, Neuroscience, Oncology, Cardiovascular and Metabolism, and Pulmonary Hypertension","The Innovative Medicine segment is focused on the following therapeutic areas Immunology e.g., rheumatoid arthritis, Infectious Diseases e.g., HIVAIDS, Neuroscience e.g., mood disorders, Oncology e.g., prostate cancer, Cardiovascular and Metabolism e.g., diabetes, and Pulmonary Hypertension e.g., Pulmonary Arterial Hypertension.","The Innovative Medicine segment focuses on six therapeutic areas:

1. **Immunology** (e.g., rheumatoid arthritis)  
2. **Infectious Diseases** (e.g., HIV/AIDS)  
3. **Neuroscience** (e.g., mood disorders)  
4. **Oncology** (e.g., prostate cancer)  
5. **Cardiovascular and Metabolism** (e.g., diabetes)  
6. **Pulmonary Hypertension** (e.g., pulmonary arterial hypertension)",0,0.0851063829787234,Neutral,Neutral,Other,Operations
What are the components of The Coca-Cola Companys Corporate operating structure?,The Coca-Cola Companys Corporate operating structure consists of a center focusing on strategic initiatives and a platform services organization that supports operating units by providing global services.,"Our operating structure also includes Corporate, which consists of two components 1 a center focusing on strategic initiatives, policy, governance and scaling global initiatives, and 2 a platform services organization supporting the operating units, global marketing category leadership teams and the center by providing efficient and scaled global services and capabilities.","The Corporate operating structure consists of two components:  

1. **A center** that focuses on strategic initiatives, policy, governance, and scaling global initiatives.  
2. **A platform services organization** that supports the operating units, global marketing/category leadership teams, and the center by providing efficient, scaled global services and capabilities.",0,0.5483870967741935,Positive,Neutral,Other,Operations
What accounting guidance did the Financial Accounting Standards Board issue in November 2023 regarding reportable segment disclosures?,"In November 2023, the Financial Accounting Standards Board issued ASU 2023-07, Segment Reporting Topic 280 Improvements to Reportable Segment Disclosures, which expands annual and interim disclosure requirements for report of segments, primarily through enhanced disclosures about significant segment expenses.","Recently Issued Accounting Guidance In November 2023, the Financial Accounting Standards Board FASB issued ASU 2023-07, Segment Reporting Topic 280 Improvements to Reportable Segment Disclosures, which expands annual and interim disclosure requirements for reportable segments, primarily through enhanced disclosures about significant segment expenses.","The Financial Accounting Standards Board issued **ASU 2023‑07, “Segment Reporting – Topic 280: Improvements to Reportable Segment Disclosures.”** This guidance expands the annual and interim disclosure requirements for reportable segments, primarily by requiring enhanced disclosures about significant segment expenses.",0,0.7123287671232876,Positive,Neutral,Management,Legal
Where does Eli Lilly and Company manufacture and distribute its products?,"Eli Lilly and Company manufactures and distributes its products through facilities in the United States, including Puerto Rico, and in Europe and Asia.","We manufacture and distribute our products through facilities in the United States U.S., including Puerto Rico, and in Europe and Asia.","Eli Lilly manufactures and distributes its products through facilities located in the United States (including Puerto Rico), as well as in Europe and Asia.",0,0.7500000000000001,Positive,Neutral,Other,Operations
Why are critical accounting estimates essential for preparing financial statements in accordance with U.S. GAAP?,"Critical accounting estimates are essential because they involve estimates and assumptions that affect the reported amounts of assets, liabilities, revenues, expenses, and related disclosures.","In preparing our financial statements in accordance with accounting principles generally accepted in the U.S., we must often make estimates and assumptions that affect the reported amounts of assets, liabilities, revenues, expenses, and related disclosures.","Critical accounting estimates are essential because U.S. GAAP requires management to make estimates and assumptions that directly affect the reported amounts of assets, liabilities, revenues, expenses, and related disclosures in the financial statements.",0,0.7307692307692307,Positive,Neutral,Other,Management
What factors influenced consumer purchasing behaviors and spending in the companys sector during the period discussed?,"Consumer purchasing behaviors and spending were influenced by uncertain economic conditions such as inflation, higher interest rates, and other factors.","Consumer purchasing behaviors and their propensity to spend in our sector have been impacted by uncertain economic conditions including inflation, higher interest rates, and other factors.","The consumer purchasing behaviors and spending in the sector were influenced by uncertain economic conditions, notably inflation, higher interest rates, and other related factors.",0,0.7804878048780488,Positive,Negative,Other,Revenue
What is the participation rate in the annual voluntary global survey conducted by the company in 2023?,The participation rate in the annual voluntary global survey in 2023 was approximately 85.,"In 2023, the participation rate was approximately 85.",The participation rate in the 2023 annual voluntary global survey was approximately 85 percent.,0,0.8799999999999999,Neutral,Neutral,Other,Other
What unique features does The Londoner Macao offer to its visitors?,"The Londoner Macao offers a range of unique features including replicas of iconic London landmarks like the Houses of Parliament and the Elizabeth Tower, interactive guest experiences, and thematic elements that reflect Londons cultural heritage.","The Londoner Macao, our largest Integrated Resort on the Cotai Strip, is located across the street from The Venetian Macao, The Parisian Macao and The Plaza Macao and Four Seasons Macao. The Londoner Macao is the result of our renovation, expansion and rebranding of Sands Cotai Central, which included the addition of extensive thematic elements both externally and internally and was completed during 2022. The Londoner Macao presents a range of new attractions and features, including some of Londons most recognizable landmarks, such as the Houses of Parliament and the Elizabeth Tower commonly known as Big Ben, and interactive guest experiences.","The Londoner Macao features extensive London‑themed décor and attractions, including iconic landmarks such as the Houses of Parliament and the Elizabeth Tower (Big Ben), along with interactive guest experiences and other new attractions introduced during its 2022 renovation and rebranding.",0,0.4307692307692308,Positive,Positive,Other,Operations
How are the estimated useful lives of assets adjusted and reviewed?,"The estimated useful lives of assets are periodically reviewed and, if necessary, adjusted on a prospective basis.",The estimated useful lives of assets are periodically reviewed and adjusted as necessary on a prospective basis.,The company periodically reviews the estimated useful lives of its assets and makes any necessary adjustments on a prospective basis.,0,0.6111111111111113,Positive,Neutral,Other,Operations
What factors influenced the companys effective tax rate in 2023?,"The effective tax rate in 2023 was influenced by excess tax benefits recognized from share-based compensation, additional guidance from the IRS providing relief on foreign tax credits, and a decrease in U.S. tax benefits from foreign-derived intangible income. Additionally, further clarifications on research and development expenses subject to mandatory capitalization and amortization affected the rate.",to excess tax benefits recognized from share-based compensation in 2023 and the effect of additional guidance issued by the Internal Revenue Service IRS providing temporary relief on foreign tax credits. This was partially offset by a decrease in the proportion of U.S. tax benefits from foreign-derived intangible income relative to income before provision for income taxes and additional clarification issued by the IRS in September 2023 regarding research and development expenses subject to mandatory capitalization and amortization.,"The company’s 2023 effective tax rate was affected by several items mentioned in the filing:

* **Excess tax benefits from share‑based compensation** – these benefits increased the tax expense.  
* **IRS guidance that provided temporary relief on foreign tax credits** – this reduced the tax expense.  
* **A lower proportion of U.S. tax benefits derived from foreign‑derived intangible income** – this also reduced the overall tax benefit.  
* **IRS clarification (September 2023) on mandatory capitalization and amortization of research and development expenses** – this change impacted the tax calculation.  

These factors together drove the effective tax rate observed in 2023.",0,0.425925925925926,Positive,Neutral,Other,Legal
What was the impact of seasonal holiday demand on revenue patterns?,Seasonal holiday demand contributes to traditional seasonal strength in revenue during the fourth quarter of each year.,Revenue Seasonality Revenue is traditionally seasonally strong in the fourth quarter of each year due in part to seasonal holiday demand.,Seasonal holiday demand makes revenue especially strong in the fourth quarter of each year.,0,0.7333333333333334,Positive,Positive,Revenue,Revenue
How does the company protect its intellectual property?,"The company protects its intellectual property by working actively in the U.S. and internationally to enforce copyright, trademark, trade secret, and other protections that apply to its software and hardware products, services, business plans, and branding. It also pursues patents actively, holding a portfolio of over 70,000 U.S. and international patents issued and over 19,000 pending worldwide.","We protect our intellectual property investments in a variety of ways. We work actively in the U.S. and internationally to ensure the enforcement of copyright, trademark, trade secret, and other protections that apply to our software and hardware products, services, business plans, and branding. We are a leader among technology companies in pursuing patents and currently have a portfolio of over 70,000 U.S. and international patents issued and over 19,000 pending worldwide.","The company safeguards its intellectual property by actively enforcing copyrights, trademarks, trade‑secret rights and other applicable protections for its software, hardware, services, business plans and branding. It also aggressively pursues patents, maintaining a portfolio of more than 70,000 issued U.S. and international patents and over 19,000 pending worldwide.",0,0.6222222222222223,Positive,Positive,Other,Legal
How is Dynamics revenue mainly driven?,"Dynamics revenue is primarily driven by the number of users licensed, the consumption of applications, an expansion in the average revenue per user, and the ongoing shift to Dynamics 365, which includes cloud-based business applications like Power Apps and Power Automate.","Dynamics revenue is driven by the number of users licensed and applications consumed, expansion of average revenue per user, and the continued shift to Dynamics 365, a unified set of cloud-based intelligent business applications, including Power Apps and Power Automate.","Dynamics revenue is primarily driven by (1) the number of users licensed and the applications they consume, (2) growth in average revenue per user, and (3) the ongoing shift to Dynamics 365’s cloud‑based suite, including Power Apps and Power Automate.",0,0.6666666666666666,Positive,Positive,Revenue,Revenue
"What was the magnitude of the increase in net cash used in financing activities from 2022 to 2023, and what caused it?","Net cash used in financing activities increased by 5,287 million from the year ended December 31, 2022 to 5,951 million for the year ended December 31, 2023, mainly due to the repurchases of common stock for 6,045 million, partially offset by the absence of debt maturities.","Net cash used in financing activities increased 5,287 million from the year ended December 31, 2022 to 5,951 million for the year ended December 31, 2023. The increase in net cash used in financing activities is primarily due to repurchases of common stock for an aggregate amount of 6,045 million in the year ended December 31, 2023, as compared to no repurchases of common stock in the year ended December 31, 2022, partially offset by the absence of debt maturities in the year ended December 31, 2023.","The increase was **$664 million** (the net cash used in financing activities rose from $5,287 million in 2022 to $5,951 million in 2023).  

It was driven mainly by **repurchases of common stock totaling $6,045 million in 2023** (there were no such repurchases in 2022), with the effect partially offset by the fact that there were no debt maturities in 2023.",0,0.49382716049382713,Negative,Negative,Other,Management
What information can be found in Note 8 of the consolidated financial statements?,Information about legal proceedings can be found in Note 8 of the consolidated financial statements.,Information with respect to legal proceedings is available in Note 8 Commitments and Contingencies in the accompanying notes to the consolidated financial statements.,"Note 8, titled “Commitments and Contingencies,” contains information regarding the company’s legal proceedings.",0,0.28571428571428575,Positive,Neutral,Other,Other
What are the major factors that contributed to the 621 million increase in corporates loss before interest and taxes during fiscal 2023?,"The major factors included higher wage and other professional services expenses, differences between actual and standard foreign currency exchange rates, net unfavorable activity related to strategic distributor partnership transition, and net foreign currency gains and losses.","Corporates loss before interest and taxes increased 621 million during fiscal 2023, primarily due to higher wage and other professional services expenses, differences between actual and standard foreign currency exchange rates, net unfavorable activity related to strategic distributor partnership transition, and net foreign currency gains and losses.","The increase was driven primarily by:

- Higher wage and other professional‑services expenses  
- Differences between actual and standard foreign‑currency exchange rates  
- Net unfavorable activity associated with the transition of a strategic distributor partnership  
- Net foreign‑currency gains and losses.",0,0.5714285714285713,Positive,Negative,Other,Operations
What is the definition of demand creation expense for NIKE?,"Demand creation expense for NIKE consists of advertising and promotion costs, including costs of endorsement contracts, complimentary product, television, digital and print advertising and media costs, brand events, and retail brand presentation.","Demand creation expense consists of advertising and promotion costs, including costs of endorsement contracts, complimentary product, television, digital and print advertising and media costs, brand events and retail brand presentation.","Demand creation expense is defined as the advertising and promotion costs incurred by NIKE, which include endorsement‑contract fees, complimentary product expenses, television, digital and print advertising and media costs, brand events, and retail brand presentation.",0,0.6181818181818183,Positive,Neutral,Other,Other
Where can NVIDIAs financial reports be accessed?,NVIDIAs financial reports can be accessed for free on their website or through links provided on the website as soon as they are electronically filed or furnished to the SEC.,"Available Information Our annual reports on Form 10-K, quarterly reports on Form 10-Q, current reports on Form 8-K and, if applicable, amendments to those reports filed or furnished pursuant to Section 13a or 15d of the Securities Exchange Act of 1934, as amended, or the Exchange Act, are available free of charge on or through our website, httpwww.nvidia.com, as soon as reasonably practicable after we electronically file such material with, or furnish it to, the Securities and Exchange Commission, or the SEC.",NVIDIA’s financial reports can be accessed for free on its website at http://www.nvidia.com as soon as they are filed with or furnished to the SEC.,0,0.7755102040816326,Positive,Neutral,Other,Legal
How much did the company return to shareholders in the form of share repurchases and cash dividends during fiscal year 2023?,The company returned 10.44 billion to shareholders in the form of share repurchases and cash dividends during fiscal year 2023.,"During fiscal year 2023, we returned 10.44 billion to shareholders in the form of share repurchases and cash dividends.",The company returned **$10.44 billion** to shareholders in the form of share repurchases and cash dividends during fiscal year 2023.,0,0.8947368421052632,Positive,Positive,Other,Management
"How were overhead costs affected in the fiscal year, according to the text?","Overhead costs as a percentage of net sales increased by 40 basis points due to wage inflation and other cost increases, partially offset by the positive scale impacts of the net sales increase and productivity savings.","Overhead costs as a percentage of net sales increased 40 basis points due to wage inflation and other cost increases, partially offset by the positive scale impacts of the net sales increase and productivity savings.","Overhead costs rose, increasing by 40 basis points as a percentage of net sales.",0,0.5,Positive,Negative,Other,Operations
What are the main responsibilities of the Sector Business Units SBUs at the company?,"The SBUs are responsible for global brand strategy, product upgrades and innovation, marketing plans, and supply chain. They also have direct profit responsibility for Focus Markets and are responsible for innovation plans, supply plans, and operating frameworks in Enterprise Markets.","The SBUs are responsible for global brand strategy, product upgrades and innovation, marketing plans, and supply chain. They have direct profit responsibility for markets referred to as Focus Markets representing the large majority of the Companys sales and earnings and are also responsible for innovation plans, supply plans and operating frameworks to drive growth and value creation in the remaining markets referred to as Enterprise Markets.","The SBUs are tasked with:

- Setting the global brand strategy  
- Driving product upgrades and innovation  
- Developing marketing plans  
- Managing the supply chain  

In addition, they have direct profit responsibility for the company’s “Focus Markets” (the bulk of sales and earnings) and oversee innovation plans, supply plans and operating frameworks to foster growth and value creation in the “Enterprise Markets.”",0,0.5384615384615384,Positive,Neutral,Other,Management
"What was the total net property and equipment as of December 31, 2023?","The total net property and equipment as of December 31, 2023 was 47,758 thousand.","As of December 31, 2023, the total net property and equipment was 47,758 thousand, whereas on December 31, 2022, it was 69,170 thousand.","The total net property and equipment as of December 31 2023 was **$47,758 thousand**.",0,0.7857142857142857,Neutral,Negative,Other,Other
What are the valuation models used for estimating the fair value of the certificates of deposit classified as Level 2 instruments?,The fair value of the certificates of deposit classified as Level 2 instruments is estimated using industry standard valuation models that include both income-based and market-based approaches.,"The fair value of the certificates of deposit classified as Level 2 instruments is estimated based on valuations obtained from third-party pricing services that utilize industry standard valuation models, including both income-based and market-based approaches.",The fair value is estimated using industry‑standard valuation models that include both **income‑based approaches** and **market‑based approaches**.,0,0.5714285714285713,Positive,Neutral,Other,Risk
"How does Peloton Interactive, Inc. recognize revenue from its goods and services?","Peloton Interactive, Inc. recognizes revenue when control of the promised goods or services is transferred to its customers, in an amount that reflects the consideration the company expects to be entitled to in exchange for those goods or services.","Revenue for Peloton Interactive, Inc. is recognized when control of the promised goods or services is transferred to the Companys customers, in an amount that reflects the consideration the Company expects to be entitled to in exchange for those goods or services.","Peloton recognizes revenue at the point when control of the promised goods or services passes to its customers, recording an amount that reflects the consideration it expects to receive in exchange for those goods or services.",0,0.7936507936507936,Positive,Neutral,Revenue,Revenue
"How much was Peloton Interactive, Inc.s net loss for the period ending June 30, 2021?","The net loss for Pel the period ending June 30, 2021, was 2,827.7 million.","Peloton Interactive, Inc. reported a net loss of 2,827.7 million for the period ending June 30, 2021.","Peloton Interactive, Inc.’s net loss for the period ending June 30 2021 was **$2,827.7 million**.",0,0.5714285714285715,Negative,Negative,Other,Revenue
How much did total net revenues for North America increase from fiscal 2022 to fiscal 2023?,Total net revenues for North America increased by 3.2 billion from fiscal 2022 to fiscal 2023.,"North Americas total net revenues increased by 3.2 billion, from 23,370.8 million in fiscal 2022 to 26,569.6 million in fiscal 2023.",The total net revenues for North America increased by **$3.2 billion** from fiscal 2022 to fiscal 2023.,0,0.8387096774193549,Positive,Positive,Revenue,Revenue
"What is indicated by Item 3, Legal Proceedings, in a 10-K filing?","It indicates where to find information regarding legal proceedings, specifically pointing to Note 16 and further detailed in Item 8 of Part II.","Item 3, titled Legal Proceedings in a 10-K filing, directs to Note 16 where specific information is further detailed in Item 8 of Part II.","Item 3, “Legal Proceedings,” signals that the company is involved in legal matters and directs readers to Note 16 for the specific details, which are further elaborated in Item 8 of Part II of the filing.",0,0.41509433962264153,Positive,Neutral,Legal,Legal
What primarily caused the change in net cash from financing activities in 2023?,The change in net cash from financing activities in 2023 was primarily due to a 3.93 billion increase in proceeds from issuances of debt and a 2.01 billion decrease in repayments of debt.,The change was primarily due to a 3.93 billion increase in proceeds from issuances of debt and a 2.01 billion decrease in repayments of debt.,The change was mainly driven by a $3.93 billion increase in proceeds from debt issuances combined with a $2.01 billion decrease in debt repayments.,0,0.5217391304347826,Negative,Neutral,Other,Management
What services does the company offer related to its automotive and energy products?,"The company offers vehicle showrooms, service centers, Mobile Service, body shops, Supercharger stations, Destination Chargers, and financial and other services tailored to its products.","We generally sell our products directly to customers, and continue to grow our customer-facing infrastructure through a global network of vehicle showrooms and service centers, Mobile Service, body shops, Supercharger stations and Destination Chargers to accelerate the widespread adoption of our products. We also strive to lower the cost of ownership for our customers through continuous efforts to reduce manufacturing costs and by offering financial and other services tailored to our products.","The company provides a range of services that support its automotive and energy offerings, including:

- Direct sales through a global network of vehicle showrooms  
- Service centers and mobile service for vehicle maintenance and repairs  
- Body‑shop services  
- Supercharger stations and Destination Charger installations for electric‑vehicle charging  
- Financial and other ancillary services tailored to its products.",0,0.4545454545454546,Negative,Positive,Other,Revenue
When did Walmart open its first Sams Club and supercenter?,Walmart opened its first Sams Club in 1983 and its first supercenter in 198g.,"In 1983, Walmart opened its first Sams Club, and in 1988, it opened its first supercenter.",Walmart opened its first Sam’s Club in **1983** and its first supercenter in **1988**.,0,0.7272727272727273,Neutral,Neutral,Other,Other
What was the free cash flow for fiscal 2023 and how was it calculated?,"The free cash flow for fiscal 2023 was 11.984 billion, calculated as net cash provided by operating activities 28.841 billion minus payments for property and equipment 16.857 billion.",We had net cash provided by operating activities of 28.841 billion and payments for property and equipment of 16.857 billion in fiscal 2023 this resulted in free cash flow of 11.984 billion.,"The free cash flow for fiscal 2023 was **$11.984 billion**.  

It was calculated by subtracting payments for property and equipment ($16.857 billion) from net cash provided by operating activities ($28.841 billion):

**Free cash flow = Net cash from operating activities – Capital expenditures**  
**= $28.841 billion – $16.857 billion = $11.984 billion**.",0,0.6031746031746031,Positive,Positive,Other,Operations
